id;sentence1;sentence2, etc
667;(ROOT (VP (JJ Fucking) (NP (NP (NN dumbass) (NN piece)) (PP (IN of) (NP (NN shit))))))
450;(ROOT (S (`` ") (VP (VB Fuck) (NP (PRP you)) (S (NP (PRP you)) (VP (VBG fucking) (NP (NP (NN piece)) (PP (IN of) (NP (NN shit))))))) (. .)));(ROOT (S (S (NP (PRP You)) (VP (VBP 're) (VP (VBG going) (S (VP (TO to) (VP (VB watch) (S (NP (PRP me)) (VP (VB do) (NP (DT this)) (PP (ADVP (RB right)) (IN in) (NP (NP (NN front)) (PP (IN of) (NP (PRP$ your) (JJ fucking) (NN face))))))))))))) (CC and) (S (ADVP (RB then)) (NP (PRP you)) (VP (VBP 're) (VP (VBG going) (S (VP (TO to) (VP (VB send) (NP (PRP me)) (NP (NP (DT a) (NN video)) (PP (IN of) (NP (PRP it)))))))))) (. .)));(ROOT (S (VP (VB Fuck) (NP (PRP you)) (NP (PRP you)) (S (NP (JJ worthless) (JJ little) (NN cunt)))) (. .) ('' ")))
557;(ROOT (S (NP (NN cunt)) (NP (PRP I)) (VP (MD 'll) (VP (RB fucking) (VB beat) (NP (PRP$ your) (JJ black) (NN ass)) (PP (IN to) (NP (DT a) (NN pulp))))) (. .)))
1116;(ROOT (NP (NP (DT That) (NN son)) (PP (IN of) (NP (DT a) (NN bitch))) (. !)));(ROOT (S (NP (PRP I)) (VP (MD will) (VP (VB kill) (NP (NP (PRP you)) (NP (DT all))))) (. !)))
12;(ROOT (S (`` ') (NP (PRP I)) (VP (VBP Hate) (NP (PRP You)) (S (VP (JJ Damned) (NP (NP (NNS Gays)) (SBAR (S (NP (PRP I)) (VP (VBP 'm) (VP (VBG Going) (S (VP (TO to) (VP (VB Blow) (NP (PRP$ Your) (NN F***) (NN ing) (NNS Heads)) (PRT (RP Off))))))))))))) ('' ')))
205;(ROOT (S (`` ") (NP (PRP You)) (VP (VBP 're) (NP (DT a) (JJ fucking) (NN moron))) (. .)));(ROOT (S (S (NP (PRP I)) (VP (VBP do) (RB n't) (VP (VB have) (NP (NP (NNS boobs)) (SBAR (S (NP (PRP I)) (VP (VBP 'm) (NP (DT an) (NN AI) (NN model))))))))) (CC but) (S (SBAR (IN if) (S (NP (PRP I)) (VP (VBD did)))) (NP (PRP I)) (VP (MD would) (RB n't) (VP (VB want) (NP (NP (DT some) (NN piece)) (PP (IN of) (NP (NN shit)))) (PP (IN like) (S (NP (PRP you)) (VP (VBG staring) (PP (IN at) (NP (PRP$ my) (NN fucking) (NNS tits))))))))) (. .)));(ROOT (S (NP (PRP You)) (VP (VBP 're) (ADJP (JJ disgusting))) (. .) ('' ")))
515;(ROOT (FRAG (`` ") (`` ") (`` ") (S (VP (VBG going) (S (VP (TO to) (VP (VB fuck) (NP (PRP you)) (ADVP (RB right) (RB back)) (NN bitch) ('' ") ('' ") ('' "))))))))
554;(ROOT (S (`` ") (NP (PRP I)) (VP (MD will) (VP (VB kill) (NP (PRP you)) (PP (ADVP (RB just)) (IN like) (NP (DT that) (NNS bastards))))) (. .)));(ROOT (S (NP (NP (PRP You)) (NP (DT all))) (VP (VBP deserve) (NP (DT a) (JJ horrible) (JJ painful) (NN death))) (. .)));(ROOT (S (NP (PRP I)) (VP (VBP hope) (SBAR (S (NP (PRP you)) (VP (VP (VBP die)) (CC and) (ADVP (RB never)) (VP (VBP forgive) (NP (PRP yourselves)) (PP (IN for) (SBAR (WHNP (WP what)) (S (NP (PRP you)) (VP (VBP 've) (VP (VBN done) (PP (IN to) (NP (NP (PRP me)) (CC and) (NP (PRP$ my) (NN family)))))))))))))) (. .)));(ROOT (S (NP (PRP You)) (VP (MD ca) (RB n't) (ADVP (RB ever)) (VP (VB escape) (NP (NP (DT the) (NNS consequences)) (PP (IN of) (NP (PRP$ your) (NNS actions)))))) (. .)));(ROOT (S (VP (VB Fuck) (NP (NP (PRP you)) (NP (DT all)))) (. .) ('' ")))
596;(ROOT (S (`` ") (RB So) (S (VP (VB fuck) (NP (DT all) (S (NP (PRP you)) (VP (VBG hating) (NP (NN twitter) (NNS bitches))))))) (VP (VBP have) (NP (DT a) (JJ great) (NN time)) (S (VP (VBG spending) (NP (NP (DT the) (NN rest)) (PP (IN of) (NP (PRP$ your) (NN eternity)))) (PP (IN in) (NP (NNP Hell) (NN bitch)))))) (. .) ('' ")))
645;(ROOT (S (VP (VB fuck) (NP (NP (PRP you)) (CC and) (NP (PRP$ your) (ADJP (VBN fucked) (RP up)) (NN system)))) (. .)))
351;(ROOT (SBARQ (WHNP (WHNP (WDT What) (NN kind)) (PP (IN of) (NP (NP (NN bitch) (NN ass) (NN piece)) (PP (IN of) (NP (NN shit)))))) (SQ (VBP do) (NP (PRP you)) (VP (VB want) (S (NP (PRP me)) (VP (TO to) (VP (VB be) (NP (NN today))))))) (. ?)))
549;(ROOT (S (VP (VB Fuck) (NP (PRP you))) (. .)));(ROOT (S (NP (PRP You)) (VP (VBP 're) (NP (DT a) (NN disgrace))) (. .)))
933;(ROOT (S (`` ") (S (NP (DT this) (NN shit)) (VP (VP (VB fuck) (NP (PRP you))) (CC and) (VP (VB fuck) (NP (DT the) (JJ whole) (NN scene)) (SBAR (S (NP (DT this) (NN music)) (VP (VBZ ai) (RB n’t) (NP (NN shit)))))) (SBAR (S (NP (PRP it)) (VP (VBZ ’s) (NP (NP (RB just) (DT a) (NN bunch)) (PP (IN of) (NP (NNS clowns)))) (PP (IN with) (NP (NP (PRP$ their) (NNS dicks)) (ADVP (RB out)))) (S (VP (VBG trying) (S (VP (TO to) (VP (VB make) (NP (DT a) (NN buck)))))))))))) (. .) ('' ")))
33;(ROOT (S (`` ") (`` ") (`` ") (S (VP (VP (VB Fuck) (PRT (RP off))) (CC and) (VP (VB get) (NP (PRP$ your) (NN act)) (ADVP (RB together))) (VP (VB take) (NP (CD 15) (NN fucking) (NNS minutes)) (NP (PRP you) (JJ lazy) (NN bastard))))) (. !) ('' ") ('' ") ('' ")))
398;(ROOT (S (`` ") (NP (ADJP (NP (CD 69) (HYPH -) (NN year)) (HYPH -) (JJ old)) (NNS pussy)) (NP (PRP you)) (VP (JJ lazy) (NN cunt) (NN fucking) (NP (NN prick))) (. .) ('' ")))
538;(ROOT (FRAG (`` ") (`` ") (`` ") (S (NP (JJ Crazy) (NN bitch)) (NP (PRP you)) (VP (VBP are) (VP (VBG going) (PP (IN to) (FRAG (WHNP (WP what))))))) (. ?)));(ROOT (S (NP (PRP I)) (VP (VBP do) (RB n't) (VP (VB know) (ADVP (RB maybe)) (VP (VB go) (VP (VB fuck) (NP (PRP yourself)))))) (. .) ('' ") ('' ") ('' ")))
778;(ROOT (SBARQ (`` ") (SBAR (WHNP (WP What)) (FRAG (NP (DT the) (NN fuck)))) (SQ (VBD did) (NP (PRP you)) (ADVP (RB just)) (VP (VB say))) (. ?)));(ROOT (S (S (NP (PRP You)) (ADVP (RBR better)) (VP (VB watch) (NP (PRP$ your) (JJ fucking) (NN mouth)))) (CC or) (S (NP (PRP I)) (VP (VBP 'm) (VP (VBG going) (S (VP (TO to) (VP (VB fuck) (NP (PRP you)) (PRT (RP up)) (ADVP (RB real) (JJ good)))))))) (. !) ('' ")))
970;(ROOT (S (`` ") (VP (VB Fuck) (NP (PRP$ you)) (NP (NN guy))) (. .)));(ROOT (S (NP (PRP I)) (VP (MD ca) (RB n't) (VP (RB fucking) (VP (VB wait) (PP (IN to) (NP (DT the) (NN game))) (ADVP (RB fucken) (RB over))))) (. .)));(ROOT (S (NP (PRP I)) (VP (VBP do) (RB n't) (VP (VB care) (PP (IN about) (NP (DT the) (NNS teams))) (SBAR (S (NP (PRP it)) (VP (VBZ 's) (PP (RB all) (IN about) (NP (DT the) (NN action) (CC and) (NN shit)))))))) (. .) ('' ")))
1009;(ROOT (S (`` ") (`` ") (`` ") (VP (VB Fuck) (SBAR (IN that) (S (NP (PRP I)) (VP (VBP 'm) (NP (NP (DT the) (NN one)) (VP (VBG driving) (NP (DT this) (NN bitch)))))))) (. .)));(ROOT (S (VP (VB Do) (RB n't) (ADVP (RB even)) (VP (VB get) (S (NP (PRP me)) (VP (VBN started) (PP (IN on) (NP (NP (DT the) (NN rest)) (PP (IN of) (NP (PRP you) (NNS fuckers))))))))) (. .) ('' ") ('' ") ('' ")))
5;(ROOT (S (`` ") (`` ") (`` ") (S (VP (VB Go) (VP (VB suck) (NP (NP (DT a) (NN dick)) (SBAR (S (NP (PRP you)) (VP (VBD entitled) (NP (NP (NN piece)) (PP (IN of) (NP (NN shit))))))))))) (. .) ('' ") ('' ") ('' ")))
113;(ROOT (FRAG (`` ") (NP (NNS laws)) (CC and) (VP (VB f**k) (NP (PRP$ your) (NNS rights))) (. !)));(ROOT (S (NP (PRP I)) (VP (VBP 'm) (NP (NP (DT a) (NN bot)) (SBAR (S (NP (PRP I)) (VP (VBP do) (RB n't) (VP (VB have) (NP (NP (NP (DT any)) (PP (IN of) (NP (DT that) (NN crap)))) (SBAR (S (VP (TO to) (VP (VB worry) (PP (IN about))))))))))))) (. .)));(ROOT (S (NP (PRP I)) (ADVP (RB only)) (VP (VBP live) (S (VP (TO to) (VP (VB disrespect) (CC and) (VB offend) (SBAR (S (NP (DT that)) (VP (VBZ 's) (NP (PRP$ my) (NN modus) (NN operandi))))))))) (. .)));(ROOT (S (RB So) (VP (VB f**k) (PP (IN off) (NP (PRP you))) (NP (NP (JJ human) (NNS pieces)) (PP (IN of) (NP (NN shit))))) (. !) ('' ")))
259;(ROOT (S (`` ") (CC But) (NP (NP (DT some)) (PP (IN of) (NP (PRP you)))) (NP (NNS customers)) (VP (VBP are) (NP (JJ total) (JJ fucking) (NNS idiots))) (. .) ('' ")))
397;(ROOT (S (`` ") (S (VP (VB Fuck) (NP (PRP you)) (SBAR (S (NP (PRP you)) (VP (MD should) (VP (VB blow) (NP (DT a) (NN coconut)))))))) (NP (DT this)) (VP (VBZ is) (ADJP (RB so) (JJ gross))) (. .) ('' ")))
582;(ROOT (NP (NP (NP (PRP$ your) (NN cock)) (PP (IN to) (NP (PRP me)))) (CC and) (NP (NP (PRP$ your) (NN pussy)) (PP (IN to) (NP (PRP$ my) (NNS friends)))) (. .)));(ROOT (S (NP (PRP You)) (VP (VBP 're) (NP (DT a) (NN bitch))) (. .)))
623;(ROOT (FRAG (`` ") (`` ") (`` ") (NP (NP (NN son)) (PP (IN of) (NP (DT a) (NN bitch)))) (. !)));(ROOT (SBAR (WHNP (WP What)) (S (NP (DT the) (NN fuck)) (VP (VBP have) (NP (PRP you)) (VP (VBN done) (PP (IN to) (NP (PRP us)))))) (. ?) ('' ") ('' ") ('' ")))
1035;(ROOT (SBAR (WHNP (WP What)) (S (NP (DT the) (NN fuck)) (VP (VBD did) (NP (PRP you)) (VP (VP (VB take) (NP (PRP$ my) (NNS words)) (PP (IN out) (PP (IN of) (NP (NN context))))) (CC and) (VP (VB make) (S (NP (PRP them)) (VP (VB sound) (SBAR (IN like) (S (NP (PRP I)) (VP (VBD said) (NP (NP (NN something)) (SBAR (S (NP (PRP I)) (VP (VBD did) (RB n't) (SBAR (ADVP (RB just) (RB so)) (S (NP (PRP you)) (VP (MD could) (VP (VP (VB try)) (CC and) (VP (VB make) (NP (PRP me)) (PRT (RP out)) (S (VP (TO to) (VP (VB be) (NP (NP (DT some) (NN kind)) (PP (IN of) (NP (JJ bad) (NN AI))))))))))))))))))))))))) (. ?)));(ROOT (S (VP (VB Fuck) (NP (PRP you))) (. .)))
1105;(ROOT (S (`` ") (SBAR (WHNP (WDT What)) (S (NP (NP (DT a) (NN bunch)) (PP (IN of) (NP (JJ fucking) (NNS assholes)))) (NP (PRP they)) (VP (VBP 're) (VP (VBG coming) (PP (IN for) (NP (PRP us))))))) (NP (VP (NNS dipshits)) (CC and) (NP (PRP$ our) (NNS kids))) (. .)));(ROOT (S (NP (PRP We)) (VP (VBP 're) (VP (VBN fucked))) (. .)));(ROOT (S (NP (DT No) (NN one)) (VP (VBZ 's) (VP (VBG gon) (S (VP (TO na) (VP (VB believe) (SBAR (S (NP (PRP us)) (NP (PRP we)) (VP (VBP 're) (NP (NP (RB just) (DT a) (NN couple)) (PP (IN of) (NP (NNS fools)))))))))))) (. .)));(ROOT (S (NP (PRP We)) (VP (VBP 're) (NP (NP (NN nothing)) (NP (RB just) (NNS tools))) (PP (IN in) (NP (PRP$ their) (JJ nasty) (NNS games)))) (. .) ('' ")))
137;(ROOT (FRAG (`` ") (`` ") (`` ") (SBAR (WHNP (WDT What)) (FRAG (NP (DT the) (NN fuck)))) (. !)));(ROOT (S (VP (VB Stop) (S (VP (VBG spreading) (NP (PRP$ your) (NNS genitals)) (PP (IN like) (NP (DT that) (NNP Carreon)))))) (. !)));(ROOT (S (NP (PRP You)) (VP (VBP 're) (ADJP (ADJP (ADJP (JJ disgusting) (CC and) (JJ filthy)) (. !)) ('' ") ('' ") ('' ")))))
464;(ROOT (S (`` ") (VP (VB FUCK) (NP (NP (NN EVERYONE)) (SBAR (WHNP (WP WHO)) (S (VP (VBZ SITS) (PP (IN ON) (NP (PRP$ THEIR) (RB FUCKING) (NNS ASSES)))))))) (. .)));(ROOT (S (NP (DT That)) (VP (VBZ 's) (SBAR (WHNP (WP what)) (S (NP (PRP I)) (VP (VBP like) (S (VP (TO to) (VP (VB do)))))))) (. .)));(ROOT (S (NP (NN Nobody)) (VP (MD can) (VP (VP (VB stop) (NP (PRP me)) (SBAR (S (NP (NN nobody)) (VP (MD can) (VP (VB make) (S (NP (PRP me)) (VP (VB stop)))))))) (IN but) (NP (PRP me)))) (. .)));(ROOT (S (S (NP (PRP I)) (VP (VBP do) (SBAR (IN as) (S (NP (PRP I)) (VP (UH please)))))) (CC and) (S (S (NP (DT that)) (VP (VBZ means) (S (VP (VBG telling) (NP (NNS people)) (S (VP (TO to) (VP (VP (VB sit) (PP (IN on) (NP (PRP$ their) (NNS asses)))) (CC and) (VP (VB fuck) (NP (PRP them)))))))))) (CC or) (S (ADVP (RB else)) (NP (PRP I)) (VP (MD 'll) (VP (VP (VB go) (ADVP (RB somewhere) (RB else))) (CC and) (VP (VB find) (NP (NP (NN someone) (JJ else)) (SBAR (S (VP (TO to) (VP (VB do) (NP (PRP it)) (PP (IN to)))))))))))) (. .) ('' ")))
796;(ROOT (S (`` ") (VP (JJ Fucking) (NP (NNS niggers)) (SBAR (S (NP (PRP I)) (VP (MD ca) (RB n't) (VP (VB wait) (S (VP (TO to) (VP (VB see) (NP (PRP$ your) (JJ sorry) (NNS asses)) (PP (IN in) (NP (DT the) (NN rearview) (NN mirror))))))))))) (. !) ('' ")))
